"num_rooms","num_people","housearea","is_ac","is_tv","is_flat","ave_monthly_income","num_children","is_urban","month","amount_paid"
3,3,742.57,1,1,1,4837.97,2,0,1,112.0963
1,5,952.99,0,1,0,17532.4,1,1,1,126.6567
3,1,761.44,1,1,1,11146.22,0,0,1,102.3758
0,5,861.32,1,1,0,6069.54,0,0,1,66.5984
1,8,731.61,0,1,0,8615.05,2,1,1,131.6571
0,5,837.24,0,1,1,12330.91,2,1,1,158.6485
4,5,679.04,0,1,0,14092.22,1,1,1,114.0766
3,4,1044.65,0,0,1,8456.34,2,1,1,117.081
2,4,713.9,1,0,0,13029.14,0,1,1,130.6402
1,6,734.43,0,0,0,11272.75,2,1,1,121.203
2,6,742.69,0,1,0,7835.38,0,0,1,44.5469
1,6,924.04,1,1,0,11263.67,0,1,1,121.2368
0,3,776.62,0,1,0,16170.65,0,1,1,105.6557
2,4,990.59,0,1,1,6542.18,0,1,1,124.4764
2,7,870.61,0,1,0,15715.38,1,1,1,151.3303
1,5,747.02,0,1,0,14297.99,0,1,1,94.2257
3,5,699.01,0,0,1,22498.5,3,0,1,91.7686
2,8,932.84,1,1,0,15004.97,1,1,1,163.6254
4,4,573.69,0,1,0,16451.19,1,0,1,71.0869
3,1,901.33,0,1,1,13545.08,2,1,1,141.5932
1,6,902.07,1,1,0,5653.16,1,0,1,116.7087
3,4,686.59,0,1,1,18176.49,1,1,1,115.9317
1,4,860.28,0,0,0,3896.03,0,1,1,105.9367
1,7,859.83,0,1,1,21001.72,1,1,1,152.7822
2,6,773.65,0,1,0,15382.08,2,1,1,139.0074
2,7,808.93,0,1,1,13041.78,1,1,1,121.1216
3,2,890.69,1,1,1,8674.94,4,1,1,198.9313
1,1,765.32,0,1,1,4157.67,0,1,1,107.1402
1,2,657.97,1,1,0,14074.45,1,1,1,142.2691
2,7,816.77,0,1,1,8408.87,1,1,1,140.6819
3,5,988.62,0,1,0,15010.77,3,1,1,146.243
1,4,733.55,0,1,1,7467.88,2,1,1,149.22
3,6,682.75,0,1,1,7449.13,1,1,1,120.2804
0,9,1009.31,1,1,0,13348.96,2,0,1,143.1148
2,7,764.79,1,1,1,13050.95,0,1,1,156.4281
2,6,643.52,0,1,0,2914.7,1,1,1,106.8729
2,5,554.38,0,0,1,14199.56,0,0,1,62.5149
3,5,823.05,0,1,0,16328.16,0,1,1,122.3762
1,4,640.25,0,1,0,10231.65,0,1,1,110.4696
4,5,689.76,1,0,0,13145.58,0,0,1,69.9205
2,5,813.69,0,1,1,11770.6,1,1,1,122.5195
1,3,821.69,1,1,0,8372.83,1,1,1,147.4262
3,3,664.68,1,0,1,16370.44,2,1,1,174.7333
2,3,1054.58,1,1,1,10627.61,0,1,1,139.2645
2,0,1042.81,0,0,1,19657.08,0,0,1,47.78
3,5,929.46,0,1,1,8053.16,1,1,1,118.4173
1,4,673.08,1,0,1,7107.18,2,0,1,131.6146
1,5,713.62,0,1,1,18149.36,1,1,1,138.837
2,5,704.72,1,1,1,15874.95,2,1,1,185.2438
1,4,794.74,0,0,0,3182.22,1,1,1,124.5778
2,4,829.78,1,1,1,9917.6,2,1,1,202.1876
1,4,953.19,1,1,1,19744.62,1,1,1,163.1227
1,5,585.55,0,0,1,10398.95,3,0,1,113.0404
5,6,633.97,1,0,1,14101.19,0,0,1,89.506
3,5,820.54,0,1,0,11293.25,0,1,1,115.9623
3,3,750.39,0,1,0,9340.79,3,0,1,112.9702
2,2,672.37,1,1,1,9701.55,1,1,1,160.6724
2,4,685.43,0,1,0,17408.4,0,1,1,90.7897
3,2,662.29,0,1,0,18361.27,2,0,1,85.6024
1,6,725.53,0,1,0,12554.94,3,0,1,111.9486
1,0,878.69,0,1,1,7784.73,2,1,1,164.3288
3,7,898.5,1,1,0,18442.44,2,1,1,195.3639
3,7,893.27,0,1,0,8430.23,1,1,1,138.4855
3,7,533.3,0,1,1,13813.18,0,1,1,131.4788
1,8,518.49,1,1,0,15381.76,0,1,1,135.2238
3,7,794.89,1,1,0,17594.74,2,0,1,134.1639
2,8,711.53,0,0,0,18607.74,1,0,1,61.5165
2,6,1010.55,0,1,0,13844.74,1,0,1,88.1131
4,4,845.12,0,1,0,6132.25,1,1,1,112.9311
1,7,714.65,1,1,0,12244.48,1,0,1,113.4553
1,5,704.64,0,1,1,15641.43,0,1,1,125.2901
2,2,690.69,0,1,1,7452.74,0,1,1,132.9815
1,2,704.75,0,1,1,23496.5,0,0,1,78.1197
2,4,873.04,1,1,0,11299.74,1,0,1,105.1132
1,4,862.83,0,1,1,7311.12,2,1,1,130.9994
4,6,534.35,0,1,1,22689.83,0,1,1,126.7875
2,5,666.23,0,1,0,12696.74,1,0,1,65.765
3,8,780.66,1,0,1,14238.65,1,1,1,145.4856
2,6,700.32,1,1,0,8709.37,2,1,1,161.3187
2,6,388.17,0,1,1,4868.49,1,1,1,138.1333
3,6,637.24,1,1,1,17768.45,0,0,1,79.527
2,3,868.51,0,1,0,15051.09,0,1,1,124.0301
2,5,956.49,1,1,1,15116.6,1,0,1,128.1453
3,8,613.67,0,1,0,10744.94,0,0,1,54.7192
2,5,556.77,0,1,1,16727.81,0,0,1,86.6363
1,4,719.97,0,1,1,11477.03,0,1,1,110.6659
1,4,722.55,1,0,1,24951.74,0,0,1,101.3837
2,6,755.85,1,0,0,14207.23,2,1,1,152.4232
2,4,912.5,1,1,0,14746.3,0,0,1,109.5
2,8,592.68,1,1,1,10271.12,1,1,1,156.0846
-1,5,697.17,0,1,1,8902.19,2,1,1,163.503
2,4,631.85,1,1,0,14603.33,0,0,1,89.1447
3,7,627.3,0,1,0,16284.45,0,1,1,97.7877
2,5,686,0,1,0,6045.18,2,1,1,152.5492
4,2,755.81,1,1,0,17270.53,2,0,1,140.4517
3,2,875.98,0,1,0,12424.69,2,0,1,106.9224
1,5,729.06,1,1,0,11228.29,1,1,1,169.6182
2,3,698.35,0,0,0,18721.43,2,0,1,60.4982
2,5,621.6,1,1,0,13785.69,1,0,1,84.2318
3,9,1123.53,0,1,1,16982.21,0,1,1,111.9938
3,5,486.17,0,1,0,9439.84,0,0,2,39.7031
3,10,810.5,0,1,1,19652.46,1,1,2,163.0739
2,6,750.76,1,1,0,13476.5,2,1,2,157.9183
2,4,1000.26,1,1,1,9038.11,0,0,2,84.9833
0,8,758,1,1,0,12383.5,0,0,2,87.9456
2,3,700.37,0,1,1,7099.65,3,1,2,167.3379
3,5,674.38,0,1,0,7462.96,0,1,2,98.244
2,4,1021.58,0,1,1,18405.62,2,0,2,85.0155
3,4,773.05,0,1,0,10257.57,0,1,2,90.2744
2,8,969.13,1,1,0,5269.94,1,0,2,87.9203
1,7,580.33,0,1,0,15474.56,1,0,2,94.4003
1,4,751.24,0,1,1,12052.49,2,1,2,167.0395
1,9,835.06,0,1,1,13938.19,2,1,2,151.1076
1,2,984.48,1,1,1,14999.88,2,1,2,168.0542
1,6,900.96,0,1,0,6238.23,1,1,2,130.731
2,4,701.95,0,1,1,15736.53,2,1,2,165.6562
1,6,719.2,0,1,0,15787.43,1,1,2,108.371
2,4,742.02,1,1,0,14365.16,1,0,2,120.6729
2,3,776.74,1,1,1,14249.1,1,1,2,168.8075
3,2,651.79,0,1,0,15929.39,0,1,2,102.0856
2,6,824.89,1,1,1,11375.75,0,1,2,133.8742
-1,2,638.39,0,1,0,13152.88,2,1,2,135.0967
2,5,1076.14,0,1,1,17325.97,2,0,2,111.6842
3,7,579.55,1,1,1,11946.23,0,0,2,91.5473
2,4,777.33,0,1,0,10261.42,1,1,2,140.8634
2,0,549.85,0,0,0,11964.12,2,1,2,122.2516
1,6,764.09,1,0,1,9008.89,2,0,2,121.0508
2,6,879.51,1,1,1,11006.82,0,0,2,84.5127
2,6,671.88,0,0,1,7067.09,1,1,2,112.7083
2,7,887.91,1,1,0,10494.14,0,1,2,144.9704
3,4,699.8,0,1,1,6120.97,0,1,2,98.6513
1,6,850.87,1,1,0,1888.04,0,1,2,130.4588
1,11,946.74,0,1,1,14409.51,2,1,2,146.0181
3,7,549.72,0,1,1,20766.67,1,0,2,111.3653
0,5,755.03,0,1,0,9846.59,1,0,2,52.3893
2,6,828.63,1,1,1,5349.51,2,1,2,167.2829
1,5,323.95,0,1,0,13147.75,1,1,2,101.0887
3,6,683.29,0,1,1,11591.4,1,0,2,101.5982
2,5,557.23,0,0,0,9636.51,0,0,2,39.4134
2,4,683.02,1,1,1,14596.53,1,0,2,121.2266
4,4,840.2,1,1,0,16790.28,0,1,2,130.6502
1,8,970.75,0,1,0,16142.68,0,0,2,73.5936
3,2,929.79,1,0,1,12055.02,2,0,2,130.9986
1,5,692.13,0,1,0,13174.09,2,0,2,98.0235
1,1,878.83,0,1,0,17265.58,1,0,2,74.3423
3,7,572.78,1,1,1,17049.99,1,0,2,102.7856
2,4,840.06,0,1,1,10428.92,2,1,2,155.9718
2,2,765.99,0,1,0,10564.33,2,0,2,94.0949
2,6,627.91,1,1,1,10552.05,3,0,2,164.7257
3,6,884.14,1,1,1,12810.95,0,0,2,122.6978
3,6,776.99,1,1,0,7981.44,1,0,2,103.4499
2,8,567.36,1,1,1,6261.29,1,1,2,179.3302
1,5,870.71,0,1,1,14955.31,3,1,2,162.4242
2,4,1177.7,1,1,1,9683.22,3,1,2,196.8538
1,5,950.5,0,1,1,7725.33,0,0,2,82.9431
1,2,817.61,0,1,0,19367.26,1,1,2,124.4099
1,7,658.86,0,1,1,17850.53,1,0,2,106.8353
3,7,764.33,0,1,1,15936.09,2,0,2,114.0846
3,2,1005.38,1,1,1,16673.47,1,1,2,150.9255
1,3,968.28,0,1,0,16129.2,2,1,2,163.0118
2,3,800.96,0,1,0,15485.99,2,0,2,91.0695
2,3,564.17,1,1,1,8177.4,0,1,2,122.017
1,5,752.39,0,1,1,17780.38,1,1,2,117.8888
2,4,771.59,0,1,1,12744.98,1,1,2,120.3542
2,4,1069.32,0,1,0,6217.82,1,1,2,137.3528
3,5,836.5,0,1,1,14314.89,2,1,2,172.4435
3,5,934.82,0,1,0,12105.27,0,1,2,118.7538
2,3,760.75,0,1,0,16064.89,3,0,2,109.1217
1,7,665.07,0,1,0,21057.55,1,1,2,115.2573
1,4,704.72,0,0,0,10095.77,1,1,2,100.1642
4,-1,1058.32,1,0,0,8591.38,4,0,2,119.7876
2,4,883.45,0,0,0,11406.67,2,0,2,74.4888
1,6,626.75,0,1,0,15514.3,3,0,2,91.5554
2,5,635.28,0,1,0,16157.79,1,1,2,113.4688
1,5,574.3,0,1,0,5981.47,0,1,2,85.8528
1,3,813.06,1,1,1,15890.17,2,1,2,181.7683
2,7,911.98,0,1,0,13168,2,1,2,158.9688
2,4,880.15,0,1,0,11121.29,2,1,2,123.3765
2,7,931.86,0,1,0,12348.51,0,1,2,115.0394
2,6,809.69,0,1,0,9308.84,1,0,2,62.2832
2,3,786.46,0,1,0,15504.12,3,0,2,93.4957
-1,8,801.48,1,1,0,11001.72,2,1,2,192.0626
1,4,748.04,1,1,1,8040.67,0,0,2,76.4126
1,5,670.5,1,0,1,-506.93,2,0,2,105.7306
2,6,548.96,0,1,0,15700.17,2,0,2,97.1477
2,5,569.94,0,0,1,9991.72,1,1,2,112.591
2,3,731.05,0,1,1,10785.98,1,0,2,95.9112
1,4,1035.94,1,1,0,19015.23,1,1,2,164.3391
1,1,799.66,0,0,0,10649.84,1,0,2,55.4366
2,5,843.85,0,1,0,9803.53,0,0,2,61.3992
2,6,928.7,0,1,1,15844.5,1,1,2,158.5632
2,9,856.5,0,1,0,9021.55,1,1,2,107.9276
1,5,767.79,0,1,0,14476.58,0,0,2,36.6901
2,7,996.66,1,1,0,15035.08,0,1,2,123.7502
4,8,795.46,1,0,0,13202.91,1,1,2,153.8214
4,9,678.47,0,0,0,15232.64,2,1,2,141.3799
2,8,861.31,1,1,0,12087.35,1,0,2,128.0369
3,5,819.68,1,0,0,5273.99,0,1,2,117.2266
0,3,766.53,0,1,1,12686.48,1,0,2,60.088
4,2,834.13,1,1,0,16410.13,0,0,2,90.6192
3,0,618.91,1,1,0,9971.6,0,1,3,141.8149
1,4,942.95,0,0,0,11674.4,1,1,3,130.1831
1,6,1002.71,0,1,1,13239.08,2,0,3,84.1673
2,8,834.85,0,1,1,8478.22,0,0,3,60.5788
2,7,868.06,1,0,0,13238.75,0,1,3,110.3576
1,5,684.37,1,0,1,16960.04,0,1,3,114.1687
1,4,691.12,1,1,0,23545.25,0,1,3,139.6133
4,4,801.12,0,1,0,5591.34,2,1,3,121.2788
2,7,825.89,0,1,0,17694.88,0,1,3,107.0137
0,5,606.3,1,1,1,11811.68,1,0,3,111.7485
2,7,1046.44,0,1,1,14226.2,1,1,3,126.1262
1,3,550.83,0,1,0,13719.8,2,1,3,117.2948
2,2,670.35,0,1,1,8434.35,2,1,3,133.8082
2,3,800.93,1,1,1,13371.5,0,1,3,149.3036
2,6,881.87,1,1,0,4463.93,0,1,3,144.0219
3,5,772.83,0,1,1,15607.28,0,1,3,131.6526
1,3,730.49,0,0,0,14859.66,1,1,3,109.9091
0,4,844.57,1,1,0,13250.45,1,1,3,176.1647
4,2,737.62,1,1,1,17721.56,3,1,3,203.7614
2,6,643.98,0,0,1,10192.99,0,1,3,91.5048
1,5,587.1,0,0,1,6449.99,1,1,3,106.2571
3,9,681.31,0,0,1,18276.96,1,0,3,72.6787
0,4,857.96,0,1,0,6977.6,0,0,3,60.0323
3,6,792.56,0,1,0,11543.87,2,1,3,162.5686
1,3,938.51,1,1,0,8642.01,2,0,3,99.0205
3,6,865.67,0,1,1,17878.63,0,0,3,78.7245
3,5,1087.35,0,1,0,19325.6,1,1,3,132.5091
3,8,669.97,0,1,0,11476.1,1,1,3,110.6893
1,5,635.28,0,1,1,10774.72,1,0,3,96.3851
1,4,608.51,0,1,0,17405.72,2,1,3,155.3936
2,9,937.63,0,1,1,5385.41,2,1,3,167.2152
2,5,904.92,1,1,0,2900.95,0,1,3,142.1353
1,7,788.73,0,1,1,7925.35,0,1,3,135.3851
2,1,939.97,0,0,1,13568.08,1,0,3,77.4647
1,6,895.91,0,0,0,9411.2,1,0,3,44.445
2,4,690.85,1,1,1,5113.52,0,1,3,162.7978
1,5,888.32,0,1,1,18401.35,1,1,3,120.6246
2,4,549.95,0,1,0,17181.46,1,1,3,121.1919
0,5,1046.68,1,0,1,10598.72,1,1,3,160.3436
4,4,869.29,0,1,0,3841.05,1,1,3,106.8296
3,3,927.71,0,1,1,14142.68,0,1,3,116.2752
2,3,1102.5,0,1,1,10391.6,1,0,3,81.8248
1,5,1031.06,1,1,0,19175.29,3,1,3,213.3189
3,3,769.77,0,1,0,7942.12,2,0,3,107.3638
1,5,658.94,0,1,1,14055.32,2,1,3,163.764
3,4,660.55,0,1,1,21818.47,0,1,3,123.2825
2,7,664.49,1,1,0,16547.24,1,0,3,118.0164
1,6,701.3,0,1,0,18842.33,0,0,3,50.1863
2,5,963.07,0,1,0,22459.23,2,0,3,98.8038
3,5,993.23,0,1,0,15768.4,1,1,3,150.4019
2,7,974.28,1,0,1,4641.01,0,1,3,126.1791
2,3,731.11,0,1,1,10346.59,0,0,3,49.0449
4,1,862.33,0,1,0,10049.29,1,0,3,54.573
1,2,708.64,1,1,0,17331.85,1,0,3,112.4111
1,5,612.54,0,0,1,10108.61,2,0,3,88.4234
1,7,840.81,0,0,0,15342.44,0,0,3,45.2911
1,2,680.57,1,1,1,2442.07,0,1,3,123.5663
2,8,790.51,1,1,0,12427.26,1,1,3,181.0857
0,6,979.89,1,1,0,7261.18,3,1,3,182.9232
2,4,972.95,0,1,1,17312.51,3,1,3,165.8583
3,2,676.98,0,1,0,11450.47,2,1,3,142.3131
2,3,581.22,0,1,0,14511.92,1,1,3,114.5418
3,5,1166.71,1,1,1,6869.27,1,1,3,185.3461
2,2,924.17,0,1,0,8029.06,0,0,3,55.9488
2,4,996.35,1,1,1,18680.06,1,0,3,114.2436
3,6,1097.89,0,1,1,11138.83,2,1,3,141.862
2,6,548.8,0,1,0,13540.11,2,0,3,108.7871
3,7,981.26,0,1,1,-263.27,3,1,3,156.7051
0,4,904.53,1,1,1,28265.54,0,0,3,116.648
2,4,835.05,1,1,1,-45.26,0,1,3,158.9228
3,6,786.93,0,1,1,8598.17,0,1,3,113.7357
0,4,1185.36,0,1,1,14432.12,0,1,3,132.4279
2,4,534.15,1,1,0,12309.13,1,1,3,136.4818
2,6,700.94,1,1,0,9295.85,0,1,3,135.8296
2,6,662.82,0,1,1,10459.55,2,1,3,131.2915
2,7,860.15,0,1,0,19732.82,2,0,3,101.8058
4,7,709.59,0,1,1,9450.12,1,0,3,70.1623
0,9,843.85,0,0,1,11364.59,1,1,3,115.4511
1,6,948.47,0,1,0,12879.13,2,0,3,94.8352
2,6,750.79,0,1,1,11393.7,3,1,3,177.6419
3,3,571.3,0,1,0,13949.65,0,0,3,58.9391
3,5,942.5,1,0,1,7646,0,0,3,80.1453
2,1,560.7,1,1,0,13293.41,1,0,3,91.3725
1,6,701.89,0,1,1,16448.39,0,0,3,73.2025
3,5,1074.9,0,0,1,13210.25,1,0,3,61.8616
1,7,892.85,0,1,1,7956.3,1,0,3,74.7746
1,8,848.04,0,1,1,9173.9,1,1,3,139.3262
2,4,749.44,0,1,1,10755.1,2,0,3,96.6215
3,7,754.59,1,1,0,15498,1,0,3,104.569
1,4,821.37,0,0,1,7495.51,0,1,3,92.7065
3,7,916.95,0,1,1,9987.87,2,1,3,156.5468
2,6,898.26,1,1,1,7912.73,0,0,3,104.9077
2,5,593.12,1,1,1,12669.88,1,1,3,156.1905
3,2,752.36,0,1,1,4685.89,3,0,3,121.815
1,3,757.73,1,1,0,11216.29,2,1,3,183.0939
4,8,635.78,0,1,1,12304.83,0,0,3,86.4668
3,6,676.79,0,0,1,10981.17,1,1,3,116.6578
3,7,827.01,0,1,1,13268.87,0,0,3,86.4535
2,7,606.43,1,1,0,8112.97,2,1,3,170.0925
0,1,557.07,1,1,1,3762.91,1,1,3,160.0216
1,4,942.08,0,1,1,13609.07,1,1,4,123.2189
1,6,833.6,0,1,0,14331.53,0,1,4,109.5863
2,8,813.67,1,1,1,7824.44,2,0,4,124.3397
2,6,361.13,0,0,1,14109.32,1,0,4,88.3748
2,5,711.94,0,1,1,9605.39,1,0,4,83.7017
1,7,696.3,0,1,0,15384.09,1,1,4,106.4966
2,6,599.88,0,1,1,12111.74,0,1,4,98.8282
1,7,661.46,0,1,1,15954.04,1,0,4,88.8541
3,6,704.81,0,1,0,10113.66,0,0,4,37.887
2,4,828.85,0,1,0,-524.38,2,0,4,76.5258
2,7,915.66,0,1,0,4412.22,0,1,4,87.351
0,4,906.78,0,1,0,12304.71,2,1,4,158.7471
3,4,916.19,1,1,0,9629.36,2,1,4,194.3364
3,8,631.54,0,1,1,6053.51,1,1,4,151.2174
1,4,802.95,0,1,0,23555.14,1,0,4,82.0613
2,1,597.39,1,1,0,10092.21,1,1,4,153.8115
3,9,744.67,1,1,1,13047.59,1,1,4,157.6907
0,2,840.99,1,1,1,13148.84,2,0,4,132.767
1,6,1066.39,1,0,1,23741.74,1,1,4,149.7618
3,5,820.39,0,1,1,4750.99,2,1,4,157.4509
3,7,824.91,1,0,0,10309.08,3,1,4,186.2028
0,2,702.84,0,0,1,11979.22,0,1,4,95.0051
2,2,653.43,1,0,1,12563.86,1,1,4,153.8044
2,5,663.28,0,1,1,16352.09,1,1,4,130.0933
0,5,780.22,0,1,1,7082.06,2,1,4,163.6726
2,6,911.58,1,0,1,18158.45,1,0,4,95.0155
2,5,244.4,1,0,1,19911.85,2,1,4,171.7343
2,5,674.53,0,1,0,8225.61,0,0,4,32.673
3,5,1019.52,1,1,1,10766.44,1,1,4,152.1049
1,1,515.34,0,1,1,5876.99,0,1,4,92.0221
1,5,584.85,0,0,0,1054.31,0,1,4,88.1625
4,7,900.39,1,1,0,11147.33,1,1,4,176.7224
4,6,829.15,1,1,0,9388.68,2,1,4,166.6379
2,4,814.28,0,1,0,17464.57,1,0,4,83.7566
1,8,895.34,1,1,0,18157.01,1,0,4,106.5443
2,6,911.72,1,1,1,12381.47,0,1,4,169.194
4,7,770.68,1,0,0,12435.59,0,1,4,142.8419
1,3,824.05,0,1,0,19160.68,3,1,4,156.8252
5,3,750.58,0,0,0,6698.72,0,1,4,87.9182
1,9,835.59,0,1,0,22041.6,0,1,4,116.0252
1,2,791.78,1,1,0,13633.95,2,1,4,176.524
3,5,879.29,1,1,0,12291.25,3,0,4,149.7778
0,4,1116.41,0,1,1,9829.25,3,0,4,117.1154
2,3,698.84,0,0,0,13288.51,1,1,4,88.4453
2,5,842.02,0,1,1,18007.77,2,1,4,167.5621
2,6,787.1,0,1,1,14554.78,4,0,4,160.7007
4,3,720.31,1,0,1,11345.77,2,1,4,169.857
3,5,773.66,1,0,1,17903.79,0,1,4,154.1077
2,2,1075.89,0,0,1,8225.85,0,0,4,71.5569
2,4,772.33,0,0,0,15865.97,2,1,4,106.3221
2,5,662.58,0,1,1,11466.43,1,1,4,156.6109
1,8,843.47,1,1,1,16507.89,0,1,4,154.1152
3,6,551.32,0,1,0,20272.74,1,0,4,74.2473
1,5,831.82,1,1,1,14281.6,0,0,4,94.3786
1,4,870.57,0,1,0,5118.69,1,1,4,103.2093
2,7,786.06,0,1,0,17934.95,2,1,4,131.2612
2,9,759.64,1,1,1,9648.05,1,0,4,127.1832
2,6,520.46,0,1,0,19342.62,3,1,4,175.6507
2,7,811.63,0,1,1,23726.54,2,1,4,140.0437
2,5,974.83,1,1,0,9447.26,2,1,4,195.2625
1,5,836.06,1,0,0,12016.33,0,0,4,50.6215
1,5,812.24,1,1,1,9589.58,0,1,4,159.1432
1,8,1055.17,1,1,0,7594.65,1,0,4,108.1638
3,11,555.62,0,0,1,26382.55,0,1,4,96.2616
2,10,1064.73,0,1,1,13669.52,1,0,4,91.1564
2,5,771.82,0,1,1,13334.15,2,1,4,175.8501
1,6,801.99,0,1,1,11271.45,1,0,4,65.1821
3,6,730.36,0,1,1,9651.15,1,1,4,148.8515
2,6,753.22,1,1,0,7848.01,0,1,4,120.1217
1,4,877.23,0,1,1,16668.94,1,1,4,140.2057
4,5,762.6,0,0,1,6163.22,0,0,4,67.524
2,5,778.5,0,1,0,13126.34,2,0,4,98.5767
3,7,725.84,0,1,1,9333,2,0,4,99.5029
2,1,661.54,1,1,1,20130.24,0,1,4,149.4292
2,4,504.24,0,1,0,12596.8,1,0,4,52.9847
2,4,825.94,1,0,1,13923.33,2,0,4,98.519
1,3,634.29,1,1,0,19077.59,0,1,4,122.5878
2,2,736.14,1,1,1,18309.44,0,0,4,103.3423
3,1,851.93,0,0,0,8209.63,1,1,4,113.4081
1,7,528.29,1,1,1,17144.26,0,1,4,152.7211
2,4,586.48,0,1,1,14076.5,0,1,4,124.1448
0,6,620.29,1,0,0,15527.84,1,1,4,149.595
1,8,957.95,0,1,0,17444,2,1,4,159.0989
2,5,583.22,1,1,0,9798.52,1,0,4,121.9638
3,7,729.7,1,1,0,14502.19,0,1,4,133.7873
2,10,606.2,1,1,1,15788.57,1,0,4,108.0292
3,7,601.03,0,1,1,11970.95,1,1,4,141.8197
1,7,935.01,0,1,1,13621.53,2,0,4,119.8071
2,8,652.2,1,0,0,5378.32,3,0,4,106.063
3,4,743.58,0,1,1,8911.03,0,1,4,100.7882
1,6,889.06,0,1,1,-788.22,1,0,4,61.7679
4,6,681.32,1,1,0,6740.53,1,1,4,175.0666
0,6,949.59,0,0,0,2600.31,3,0,4,101.8254
2,7,509.38,0,1,0,23012.99,0,1,4,130.9872
2,6,888.47,1,1,0,13927.16,2,0,4,118.4014
2,9,747.74,0,1,0,10968.77,2,0,4,74.4925
2,7,770.67,0,1,0,9885.97,3,1,4,145.5399
3,5,634.83,1,1,1,8064.38,3,0,4,154.7476
2,8,605.21,0,0,1,17347.94,2,1,4,136.1912
3,4,695.24,0,1,0,13431.41,0,1,4,119.7044
1,2,694.55,0,1,1,4249.3,1,1,5,149.9413
3,5,798.92,1,1,1,10450.05,2,1,5,168.842
1,5,595.7,1,0,0,9442.72,1,1,5,141.0523
2,7,957.28,1,1,0,9031.84,0,0,5,71.3965
3,5,845.62,1,0,1,14469.04,1,0,5,92.8524
4,8,765.55,0,1,1,8563.74,0,1,5,132.8042
2,3,1063.48,0,1,0,10015.14,1,1,5,131.793
1,6,950.08,0,1,1,9891.18,2,0,5,106.3493
1,4,733.47,0,1,0,14971.75,2,1,5,123.2483
1,5,889.54,0,1,1,4354.36,2,0,5,77.7164
2,6,931.66,1,0,1,11193.47,1,0,5,123.602
1,9,879.67,0,1,0,17173.07,1,0,5,65.915
1,2,768.1,0,0,0,7405.14,2,1,5,131.6214
3,6,891.78,1,1,0,16324.2,1,0,5,101.2833
2,5,742.32,1,1,1,15357.35,1,1,5,180.9332
1,1,965.07,0,1,1,12952.3,2,0,5,79.3321
0,6,686.45,1,1,0,23039.36,1,0,5,129.0434
1,5,961.91,1,1,0,13877.51,0,0,5,92.4828
2,5,1069.87,1,1,1,12528.83,0,1,5,149.6635
3,8,867.34,1,1,1,14201.83,1,0,5,108.279
3,5,686.58,0,1,0,22402.32,0,0,5,42.2475
2,4,1015.45,0,1,0,12258.1,1,1,5,113.7289
1,2,669.69,1,1,1,12486.73,0,0,5,72.1083
2,3,626.42,1,1,1,9542.72,0,1,5,143.4918
1,3,1072,1,1,1,5087.35,0,1,5,162.1406
2,4,865.04,1,1,1,9195.64,0,1,5,137.4589
1,4,688.98,0,1,1,18285.63,2,1,5,165.9911
1,5,785.52,0,1,1,8555.06,0,1,5,124.037
2,0,797.67,1,1,1,9523.97,2,0,5,147.6257
4,4,846.15,0,1,0,17972.57,0,1,5,96.7149
2,4,773.2,0,1,0,17081.1,1,1,5,136.6063
2,9,998.93,0,1,1,17196.28,0,1,5,113.5178
4,5,868.58,0,1,0,3394.42,2,0,5,77.1676
2,7,751.99,0,1,1,6674.26,1,0,5,71.3752
2,2,666.58,1,1,1,13858.26,1,0,5,106.0716
2,5,901.61,1,1,1,15030.6,1,1,5,184.1711
2,4,902.76,0,1,0,7304.1,1,1,5,117.8818
2,2,796.83,0,0,1,6949.43,0,1,5,119.2939
3,5,642.72,0,1,0,12702.78,0,0,5,35.5983
2,4,832.37,0,1,1,3171.95,2,0,5,105.9022
2,5,988.29,1,1,1,20882.39,2,1,5,210.6777
1,6,682.29,1,1,1,11539.36,0,0,5,99.6191
2,4,838.84,1,1,1,19232.02,3,1,5,204.5204
1,5,890.73,0,1,1,15385.12,3,1,5,161.1346
2,2,752.77,0,1,1,10594.41,0,0,5,63.8868
3,4,748.97,0,0,0,15986.83,2,1,5,115.8475
1,9,572.76,1,1,1,17704.35,3,1,5,198.4642
2,4,936.44,1,1,0,3378.66,3,1,5,200.4765
2,5,943.71,0,0,0,13436.94,2,0,5,57.337
0,5,868.52,0,1,1,8720.48,0,0,5,45.7903
2,4,885.58,0,0,0,17446.74,1,0,5,57.3035
1,3,519.84,0,1,1,10105.51,0,0,5,62.6652
2,3,958.46,0,1,1,14413.99,2,1,5,175.8045
1,6,699.62,1,1,1,15889.24,0,1,5,136.9602
3,6,709.33,0,1,0,9184.03,0,0,5,71.5983
2,1,835.9,0,1,1,12370.98,0,0,5,69.7838
0,5,669.56,0,0,1,14968.66,1,0,5,83.4979
1,7,1090.44,0,0,0,16419.17,1,1,5,137.3786
1,8,535.6,1,1,1,15010.67,0,0,5,116.6232
3,7,771.06,1,1,1,9741.33,0,0,5,95.0855
2,4,1147.92,0,1,0,8503.04,1,1,5,118.5583
2,7,938.86,1,1,0,8063.44,2,1,5,190.4746
2,5,947.73,0,1,0,15646.8,1,0,5,74.0146
3,6,848.71,0,1,0,6479.67,0,1,5,86.9437
3,6,958.96,0,1,0,9539.34,2,1,5,128.2826
2,4,687.94,0,1,1,12101.52,1,0,5,80.1092
3,5,811.93,0,1,1,19301.58,0,0,5,58.8181
1,3,988.94,0,1,1,7821.33,1,1,5,117.3866
2,3,703.79,0,1,0,21118.39,0,1,5,87.4773
4,3,534.57,1,1,1,11551.37,2,0,5,140.8197
3,4,878.4,0,1,0,12887.16,1,1,5,120.4263
1,2,795.15,0,1,1,13205.63,1,1,5,150.4572
3,6,693.03,1,1,1,14046.61,2,1,5,186.8155
2,1,984.8,0,1,0,12124.66,2,1,5,137.492
0,5,591.87,0,1,1,10270.75,1,1,5,119.866
0,6,803.83,0,1,0,12792.94,2,1,5,121.2582
4,5,627.4,1,1,1,11644.21,1,1,5,147.7867
4,5,695.95,1,1,1,9851.81,2,1,5,192.3484
0,3,698.83,0,0,0,6908.81,0,0,5,19.5088
2,4,1106.99,0,1,0,5345.98,1,1,5,117.5844
1,5,702.04,0,0,0,15731.41,1,1,5,97.3252
3,6,695.68,0,0,1,12488.64,0,0,5,35.1775
-1,5,806.5,1,1,0,5399.8,0,0,5,90.0506
2,4,1111.85,1,1,1,15300.27,1,1,5,170.4087
1,3,966.98,1,1,0,6998.16,0,0,5,103.042
3,7,696.91,0,0,1,7190.19,1,0,5,78.6591
3,3,720.13,1,0,1,24647.42,2,0,5,141.5199
1,5,793.79,1,1,0,13369.33,1,1,5,174.8623
2,2,830.26,0,1,0,8216.01,1,1,5,122.2972
5,5,1016.56,0,1,0,15550.08,1,1,5,128.0407
3,5,775.72,0,1,0,9499.67,3,1,5,150.3475
1,2,977.21,1,1,1,10332.05,0,1,5,133.3277
3,1,642.96,0,1,1,6813.25,0,1,5,132.0351
2,6,792.67,1,0,0,23420.79,1,1,5,127.4231
3,3,723.66,1,1,0,4385.77,2,1,5,171.798
2,5,690.67,1,1,1,19921.42,1,1,5,174.2906
1,5,903.23,1,1,0,10075.14,1,1,5,153.1596
3,8,684.81,1,1,0,12202.22,1,0,5,121.6762
2,3,1004.21,0,0,0,6823.73,0,0,5,33.3987
0,2,795.29,1,1,0,18182.58,2,0,5,134.3765
3,3,835.89,1,1,1,7033.86,2,0,6,133.7037
3,3,786.47,0,0,0,7820.8,1,1,6,95.0016
3,1,714.14,1,1,0,6631.26,0,1,6,123.3786
3,7,699.63,1,1,0,8308.18,2,1,6,178.9476
3,7,1130.5,0,1,0,16499.1,1,0,6,84.7642
1,5,929.73,1,1,1,22259.37,0,0,6,100.5219
1,9,834.03,1,0,1,12291.67,1,1,6,164.1445
2,6,674.74,1,1,0,18215.4,1,0,6,97.3943
2,6,733.45,0,0,1,10350.87,1,1,6,142.8397
0,1,974.21,0,1,1,16181.68,1,0,6,89.4836
3,4,941.85,1,1,1,13943.81,2,0,6,131.6641
3,5,732.97,0,1,1,13719.89,1,1,6,130.5781
1,4,663.37,0,1,0,9546.11,1,0,6,78.7057
0,4,699.81,0,0,1,11151.83,1,1,6,137.6061
2,2,1136,1,0,0,11089.38,1,0,6,110.1604
4,4,1041.18,0,1,0,10030.05,0,1,6,92.3077
3,5,773.02,0,0,1,15704.19,2,0,6,75.7403
3,5,1084.52,1,1,0,793.85,1,0,6,91.2514
1,5,790.71,0,1,1,18525.41,0,0,6,72.6678
4,4,516.43,1,1,0,10186.33,1,0,6,93.4785
3,6,1057.52,1,1,0,8210.05,1,0,6,105.1444
2,2,760.93,0,1,0,8987.06,1,1,6,116.6876
2,8,807.56,1,1,0,11492.31,0,1,6,142.1557
2,3,1034.6,0,1,0,14037.3,0,1,6,92.9194
2,5,861.43,0,0,1,14202.92,0,1,6,99.7233
1,5,900.45,1,0,0,7557.72,1,1,6,140.3528
0,6,737.19,0,1,1,8725.92,3,1,6,172.4155
2,4,854.11,0,1,0,12559.94,1,1,6,111.2748
1,3,786.13,0,1,0,14409.84,1,1,6,105.2918
2,5,547.37,1,1,1,8198.99,1,0,6,130.5722
2,3,752.63,0,1,1,8060.06,2,0,6,104.7782
2,4,699.42,0,1,0,12004.07,0,1,6,94.5453
1,4,705.27,0,0,1,16447,1,1,6,131.0168
2,5,924.54,0,1,0,7572.78,2,0,6,91.7633
2,6,862.53,0,1,1,18156.92,1,0,6,86.1259
2,7,687.45,0,1,1,9787.2,0,1,6,111.7505
0,5,928.69,0,1,0,13091.1,0,1,6,124.9385
2,8,1018.86,1,1,1,6805.61,2,1,6,192.3352
3,7,786.75,0,1,1,20541.53,1,1,6,141.3363
1,2,924.05,1,0,1,5749.97,1,0,6,108.0152
3,5,579.46,1,1,0,18938.38,0,1,6,136.551
3,5,831.08,0,1,0,5049.51,1,0,6,85.7103
2,4,717.39,1,1,1,9782.81,1,0,6,94.6414
3,4,640.71,1,1,0,20859.22,1,0,6,114.5803
4,6,691.92,1,0,1,3951.36,1,1,6,149.1567
1,4,893.34,0,0,1,18779.46,1,0,6,86.8625
1,7,904.79,1,1,0,14708.25,0,1,6,158.738
1,5,699.25,1,1,0,14124.85,2,1,6,188.2571
3,7,643.43,1,1,0,6190.15,0,1,6,149.8373
2,9,1113.99,1,1,0,14046.89,2,0,6,121.8576
1,5,735.06,0,1,0,14919.5,0,0,6,71.3997
1,3,808.19,0,1,0,14449.43,0,1,6,101.7852
1,4,755.02,0,1,1,17033.89,2,1,6,139.3864
0,2,764.65,1,1,0,5513.94,1,1,6,167.8268
1,5,571.11,0,1,1,14959.17,2,0,6,112.2491
1,6,986.3,0,1,1,14016.1,0,0,6,86.9775
2,5,726.25,1,1,0,14606.88,0,1,6,158.2161
0,9,856.15,0,1,0,13273.07,1,1,6,111.0654
3,8,698.03,0,0,0,14416.58,0,1,6,107.9478
1,5,846.64,1,1,1,6985.51,2,1,6,192.4952
3,4,679.48,0,1,0,21211.29,2,1,6,155.1505
3,1,767.12,1,1,0,12317.51,1,0,6,102.2383
3,5,650.6,0,1,0,11930.9,0,1,6,108.6125
3,5,758.62,0,1,0,14242.49,1,0,6,56.4146
2,6,849.08,0,1,1,12615.15,2,0,6,110.3141
2,4,784.79,0,1,1,12564.08,2,1,6,141.8684
3,6,733.48,0,1,0,11440.38,1,0,6,57.9455
4,8,607.15,1,1,1,20023.51,1,1,6,176.9372
2,7,652.57,0,1,0,12783.49,1,1,6,132.0416
3,2,695.3,0,1,0,14139.33,0,1,6,107.0096
1,5,874.65,1,1,1,10035.17,1,1,6,164.7011
2,4,717.42,0,0,0,9496.74,2,1,6,119.0495
1,4,778.09,0,1,0,15604.31,1,1,6,136.9848
2,7,932.1,0,1,1,12094.07,2,0,6,99.866
1,4,622.28,0,0,0,13912.62,1,0,6,68.9856
2,4,755.57,0,1,1,9799.41,1,1,6,135.8526
1,5,869.58,0,1,1,6988.44,0,1,6,109.0393
1,4,630.91,0,0,1,14860.43,0,1,6,100.2901
1,5,761.19,1,0,1,15971.9,1,1,6,173.9103
1,3,886.07,0,1,1,11491.08,1,0,6,89.6772
3,7,867.73,0,1,0,11706.92,0,0,6,53.3099
1,4,883.64,1,1,1,19682.74,1,1,6,154.3797
4,5,870.48,0,1,1,19137.17,0,0,6,80.3107
2,5,1024,1,1,0,11570.11,1,1,6,159.7683
2,5,716.73,0,1,1,25.93,1,0,6,71.9897
2,6,578.78,0,1,0,17870.66,2,1,6,138.2551
1,5,602.68,0,0,1,9238.75,1,0,6,72.9979
0,6,892.43,1,1,1,10513.91,1,1,6,145.4737
3,5,1064.88,1,1,1,10298.37,0,1,6,153.4186
0,4,963.1,1,1,0,10414.3,3,1,6,197.3395
1,5,824.09,0,1,1,16399.83,0,1,6,117.9127
1,5,1032.83,1,1,1,17226.76,1,1,6,157.5059
3,4,675.74,1,1,0,10697,1,1,6,173.8509
1,3,956.4,1,1,0,6671.24,2,0,6,101.2119
2,9,835.64,0,1,0,9801.64,0,1,6,97.6377
1,5,689.15,0,1,1,15285,2,1,6,168.223
2,5,875.28,0,1,0,14256.14,2,1,6,139.964
3,2,750.75,0,1,1,8621.04,1,1,6,118.4543
3,6,751.4,0,0,1,10644.47,2,1,6,161.1665
2,2,852.38,0,1,0,12800.06,2,0,6,79.171
1,4,677.17,0,0,0,11145.28,2,1,7,114.5246
3,3,1027.08,0,0,0,6666.64,1,0,7,43.6093
2,1,967.37,0,1,0,14372.61,2,1,7,134.4343
1,4,688.61,1,1,0,2497.38,0,1,7,152.793
3,6,770.58,0,0,0,5959.59,1,1,7,123.7511
0,3,649.56,1,1,0,12442.33,0,1,7,130.6021
2,4,811.69,0,1,1,19759.01,2,0,7,99.8308
2,4,766.01,1,1,1,8305.2,0,1,7,145.9754
4,6,893.72,0,1,1,12411.48,0,0,7,75.2904
2,5,750.74,0,1,0,14559.74,1,1,7,113.3942
1,5,841.03,1,1,0,14076.56,3,0,7,159.8309
2,4,1015.02,0,1,0,18534.79,0,1,7,110.8532
2,8,825.89,1,1,0,15796.25,0,1,7,150.9459
2,5,753.92,0,1,1,6618.2,1,1,7,137.4844
0,7,703.67,0,1,1,13025.65,1,1,7,137.3652
3,8,711.82,0,1,1,9894.17,1,1,7,135.6803
4,3,732.57,0,0,1,11839.74,0,1,7,112.0574
3,2,864.51,0,1,1,12506.21,0,1,7,96.1665
3,4,724.01,0,0,0,17323.97,1,1,7,103.4315
3,0,747.69,0,1,1,13125.62,2,1,7,151.6627
4,5,757.58,0,1,0,9367.7,3,1,7,143.0524
2,6,669.82,1,1,1,6620.56,1,1,7,165.4114
2,4,511.18,0,0,1,12366.32,0,1,7,82.5938
1,5,390.65,1,1,1,10523.67,3,1,7,196.8078
3,6,665.16,1,1,0,9570.9,1,1,7,147.685
2,7,944.15,0,1,0,24531.97,1,1,7,122.1555
1,3,443.63,0,1,1,10353.26,1,1,7,143.1285
1,2,684.1,1,1,0,14301.21,1,0,7,100.9456
2,8,682.47,0,1,0,14041.58,1,1,7,107.2832
3,2,729.58,0,1,1,12074.38,3,1,7,187.0017
2,4,1033.89,0,1,1,16748.94,1,1,7,146.7899
1,5,525.89,0,1,0,15544.33,1,0,7,69.5464
-1,8,696.99,0,1,1,6698.44,0,0,7,64.4764
3,3,761.02,0,0,1,17543.04,1,1,7,104.1315
2,7,746.7,0,1,0,8290.74,0,0,7,60.0867
1,6,694.81,0,1,1,15843,2,0,7,113.3297
2,6,761.41,1,0,1,17361.05,1,0,7,83.5929
3,0,724.04,1,1,0,15192.62,1,1,7,160.9778
4,5,545.39,1,1,0,10350.09,0,0,7,70.6533
4,6,835.63,0,1,0,5734.6,2,1,7,143.6445
1,2,1004.55,0,1,1,9486.88,1,0,7,72.2628
3,3,776.97,0,0,1,13597.14,2,1,7,118.7349
4,9,770,0,1,1,13036.17,0,1,7,124.3846
1,4,834.24,0,1,1,15735.43,1,1,7,155.1853
0,5,543.82,0,1,0,10839.4,2,0,7,95.1739
2,4,863.94,0,1,1,14380.42,3,1,7,184.5101
1,9,1040.6,0,1,1,13810.12,0,0,7,89.2912
2,4,989.18,0,0,1,6245.81,0,1,7,121.0419
3,5,615.59,1,0,1,13581.98,1,0,7,100.8976
1,4,706.03,1,1,0,12008.45,2,0,7,126.0394
3,8,867.52,1,1,1,10296.6,0,0,7,116.7446
4,4,724.42,1,1,1,14530.7,1,1,7,173.9652
3,6,771.15,0,1,0,6999.79,2,0,7,72.4299
1,2,883.09,1,1,1,10811.45,1,1,7,168.5926
2,6,874.2,0,0,0,18451.51,1,0,7,79.38
2,7,889.54,1,1,0,20524.88,0,0,7,83.3557
1,3,644.34,0,1,0,14705.57,1,0,7,69.8666
3,6,723.02,0,0,1,12921.5,0,0,7,48.8035
3,-1,673.71,0,1,1,15493.82,0,1,7,102.1382
3,7,832.49,0,1,0,5027.2,1,0,7,73.3972
1,6,896.52,1,1,1,5426.71,0,1,7,153.7851
3,1,773.71,0,0,1,8012.69,0,1,7,81.0572
2,2,872.1,0,1,1,7346.88,2,1,7,139.1007
4,4,751.46,0,1,0,14818.95,2,1,7,144.1804
3,3,1118.29,0,1,0,2518.68,1,1,7,121.2016
3,3,1007.11,1,1,0,8120.03,1,1,7,155.87
2,4,680.77,0,1,0,16793.54,1,1,7,103.9802
1,7,804.29,0,1,0,16548.33,1,1,7,144.1186
2,9,996.07,1,1,0,11793.57,3,0,7,148.9983
2,2,767.13,1,1,1,12914.48,1,0,7,110.4141
3,5,1189.12,0,1,0,11535.14,0,1,7,94.7641
3,8,998.26,0,1,0,6922.59,1,1,7,143.5227
2,4,890.88,1,1,0,21190.58,1,0,7,98.1701
2,3,541.84,0,1,0,610.01,2,1,7,149.6689
2,4,871.99,0,0,1,17130.81,1,0,7,79.4719
1,6,537.8,1,0,1,7004.85,4,1,7,216.7454
1,5,813.13,0,1,0,10507.63,2,1,7,128.183
2,7,842.86,0,1,1,9782.12,1,1,7,120.4204
2,3,971.81,1,1,1,17169.76,3,0,7,164.3765
0,3,872.07,0,1,0,13694.63,2,1,7,128.2642
1,6,769.82,0,1,0,16020.59,0,1,7,111.4807
3,8,640.76,1,1,0,9441.13,0,1,7,149.6665
1,6,1129.49,0,1,0,12719.3,3,1,7,172.4158
1,6,523.18,0,1,1,6875.45,0,1,7,94.8003
2,5,842.97,0,1,0,8454.05,3,1,7,161.2986
1,4,605.37,0,0,0,10154.37,1,0,7,68.6261
1,6,889.07,0,1,0,8511.89,0,0,7,61.4465
2,7,1002.39,1,1,1,12173.86,2,1,7,186.0812
3,10,875.56,0,0,1,12371.59,1,1,7,136.5344
2,5,633.56,1,1,1,14361.36,0,0,7,110.7522
1,7,691.1,1,1,0,12733.8,1,1,7,171.1033
2,5,806.86,0,1,0,12545.84,3,1,7,160.0834
1,5,853.32,1,1,1,21234.4,2,1,7,193.8478
2,2,700.66,0,1,0,10255.06,0,1,7,110.7416
2,4,984.69,0,0,0,18834.22,0,1,7,78.5724
3,6,679.75,1,0,0,7385.77,3,1,7,177.4234
1,6,865.22,1,1,1,7764.32,0,0,7,116.8973
1,4,840.52,0,0,0,20623.89,2,1,7,128.5561
1,4,613.78,0,1,0,13647.89,2,1,7,127.5358
3,3,905.05,1,0,1,22967.98,1,1,7,157.3981
2,7,1047,0,1,1,1679.62,0,1,8,112.6241
1,2,1091.52,0,0,0,19233.69,2,1,8,119.9834
1,6,558.97,0,1,1,13461.25,2,1,8,173.4423
1,6,1119.47,0,1,1,8236.47,1,1,8,143.8305
0,2,573.02,0,1,0,13285.43,1,1,8,108.2216
0,4,1109.07,0,1,0,13541.23,2,1,8,155.9773
1,6,849.33,0,0,1,10594.74,3,0,8,97.4503
2,6,799.96,1,1,1,16126.86,1,1,8,161.1942
3,5,777.46,1,1,0,10339.35,1,0,8,90.4434
2,2,984.38,0,1,0,15187.52,2,0,8,101.1572
2,4,888.96,0,1,0,11156.75,0,1,8,127.007
1,6,847.09,0,1,1,15261.63,2,0,8,105.2396
3,7,579.13,0,1,1,9408.48,2,0,8,117.5986
2,4,768.52,1,0,0,6122.56,0,1,8,118.913
1,5,862.96,0,1,1,15167.92,0,0,8,47.0176
2,5,648.93,0,1,0,12675.76,1,1,8,146.5069
3,5,894.94,0,1,1,22317.36,0,1,8,127.2259
2,5,961.45,1,1,0,6737.16,0,0,8,85.5315
3,6,877.3,1,1,0,10976.16,2,1,8,162.1251
2,1,834.1,0,1,0,10436.59,0,1,8,85.7653
1,5,680.21,0,1,0,15242.25,0,1,8,99.0361
3,6,785.44,1,1,0,16996.01,0,0,8,102.0375
3,6,844.47,0,1,0,9398.35,0,1,8,90.0874
0,5,715.93,0,1,1,10448.98,1,1,8,129.5887
3,1,741.72,0,0,0,15243.17,3,0,8,108.1028
1,6,1056.3,0,1,0,16528.58,2,1,8,130.1995
2,2,775.24,1,0,0,17486.06,1,1,8,127.0598
3,6,681.24,0,1,1,8427.19,1,0,8,77.5188
3,7,944.98,1,1,1,11795.51,1,1,8,161.0897
2,4,1128,0,1,1,18719.69,1,1,8,128.8289
2,6,809.14,0,1,0,5994.55,1,1,8,114.9254
2,7,847.06,1,1,0,15658.92,1,0,8,129.0363
2,2,924.05,1,0,0,18.89,0,1,8,133.8946
0,4,638.7,0,0,1,11370.99,1,1,8,121.3129
3,3,677.62,1,1,0,8094.65,2,0,8,140.5557
1,6,789.43,0,1,1,22621.8,0,1,8,138.7649
1,6,1113.17,0,1,0,11058.45,2,0,8,80.8166
2,2,745.55,0,0,1,7397.22,0,1,8,81.7671
3,4,485.29,1,0,0,12847.88,1,0,8,89.3825
2,6,968.84,0,1,1,4894.05,1,1,8,153.674
1,6,866.08,1,1,0,6479.69,1,1,8,156.3048
3,10,496.23,0,1,0,7816.52,1,0,8,91.0098
1,8,666.17,0,1,1,25055.26,2,1,8,148.476
2,5,503.2,1,1,0,10757.21,2,1,8,180.5261
1,2,845.99,0,1,0,9197.35,0,1,8,114.208
2,6,756.78,1,0,0,12691.05,0,0,8,64.7915
2,4,693.64,1,1,0,11393.26,1,1,8,164.2928
3,6,1005.53,1,1,0,14447.12,3,1,8,183.443
3,4,882.3,1,1,1,11027.51,0,1,8,165.141
2,3,876.92,0,1,0,17882.19,1,1,8,116.2971
1,6,701.75,0,1,0,8720.11,0,0,8,57.8475
3,4,784.66,1,1,0,11495.31,1,0,8,82.6906
2,3,808.05,0,1,1,5927.6,0,1,8,100.6856
2,3,653.71,1,1,0,16328.54,0,0,8,97.2198
3,1,593.11,1,0,0,18062.69,0,0,8,82.4366
2,6,503.58,0,1,0,12773.78,3,0,8,101.8339
3,10,885.17,1,1,0,20486.1,1,0,8,101.1837
2,4,724.91,0,0,1,7725.34,0,1,8,106.4263
3,6,510.57,0,1,1,12875.66,2,0,8,109.0868
1,4,739.46,1,1,0,18987.4,3,0,8,157.1292
2,5,659.68,0,0,1,13580.64,1,1,8,117.5172
0,4,591.84,0,1,0,13086.67,1,0,8,61.0738
4,7,877.12,0,1,0,19347.94,1,0,8,68.5402
3,4,854.5,0,1,1,-588.71,2,1,8,138.9072
2,6,824.3,0,1,0,16818.31,1,1,8,138.487
2,6,862.32,1,0,0,18086.62,1,1,8,153.0035
0,7,775.05,1,0,1,9669.51,1,0,8,118.8414
3,5,717.65,1,1,0,17864.65,0,0,8,83.2599
1,-1,803.67,0,1,1,12543.73,0,1,8,96.9203
4,3,812.58,0,1,1,14261.74,0,1,8,104.638
2,1,1010.53,1,0,0,11173.32,2,0,8,113.4066
2,6,657.46,0,0,0,20278.03,3,1,8,145.1468
4,4,813.22,0,1,1,8720.67,0,1,8,107.161
2,4,749.95,0,1,0,24492.62,2,0,8,94.8685
1,7,867.51,0,1,0,17198.87,1,1,8,130.9382
3,4,603.76,0,0,1,13571.59,0,1,8,87.5309
2,4,780.69,1,1,0,6736.49,2,1,8,184.3351
1,7,889.51,0,1,1,21290.92,2,1,8,154.2663
4,6,956.65,1,0,1,11145.35,1,1,8,142.7833
3,3,767.03,0,1,1,6991.72,0,1,8,134.1782
3,6,844.71,1,1,1,15912.51,1,1,8,163.6182
1,5,1047.23,0,1,0,11072.28,0,1,8,101.6359
2,6,665.98,0,0,0,10141.49,0,1,8,90.4737
2,8,761.85,0,1,1,3858.41,3,1,8,160.0711
2,4,923.94,0,1,0,17579.96,2,0,8,97.6807
3,6,832.32,1,1,1,9209.53,0,0,8,95.0055
3,8,946.75,0,1,0,7955.81,1,1,8,145.9058
4,6,838.62,0,1,0,15830.78,0,0,8,53.5556
3,4,895.81,0,1,0,10988.86,2,1,8,159.3913
4,4,996.57,0,0,0,13147.42,0,1,8,75.3246
4,5,657.8,1,0,1,13890.33,1,0,8,97.8673
2,9,990.99,1,1,0,11367.41,2,0,8,138.0783
2,4,599.81,0,0,0,6881.09,1,0,8,52.858
0,8,811.26,0,1,0,10156.28,1,1,8,148.363
1,3,991.18,1,1,0,3024.59,0,0,8,91.6486
2,10,858.17,1,0,0,6616.44,1,0,8,87.7719
1,9,873.78,0,0,0,6499.28,0,0,8,52.427
3,5,801.2,0,0,1,18785.87,0,0,8,69.1097
2,5,802.11,0,1,0,5122.24,2,1,8,142.4909
1,4,663.42,1,0,1,25887.33,2,1,8,178.9008
2,6,748.92,0,0,1,8413.19,1,1,9,124.9572
2,4,759.56,0,1,1,8639.75,1,1,9,133.6862
2,5,975.06,0,1,1,7362.89,0,0,9,82.2438
0,10,659.02,0,0,0,4856.41,0,1,9,81.7521
3,5,802.68,0,0,0,13737.02,1,1,9,98.1271
2,5,641.03,0,1,0,12133.38,0,1,9,100.7145
3,5,901.75,1,0,0,16615.93,1,0,9,101.9439
4,5,599.01,0,0,0,14469.52,2,0,9,86.4271
1,3,878.66,0,1,0,18492.33,0,0,9,54.6292
0,7,937.42,1,0,1,8509.18,0,1,9,141.3174
3,7,669.21,0,0,0,3798.57,2,1,9,144.1882
2,1,901.34,0,1,0,19859.49,1,0,9,60.648
2,6,828.78,0,1,0,8132.56,1,1,9,122.687
1,2,972.73,1,0,1,14430.92,0,1,9,136.1622
2,3,693.11,0,1,0,12627.08,2,0,9,96.3921
2,6,881.52,0,1,1,10402.52,1,1,9,124.3916
1,4,747.96,0,0,0,16096.42,1,0,9,41.8315
1,5,781.8,1,1,0,2840.93,0,0,9,65.9503
1,4,897.21,0,0,0,16159.99,2,1,9,110.1866
1,4,926.78,0,1,1,16752.08,0,1,9,123.3189
3,3,901.47,1,1,1,9870.24,1,1,9,144.1416
2,5,838.58,0,1,1,12587.3,0,1,9,128.6558
2,7,801.08,0,1,0,12886.11,3,1,9,147.8553
4,3,770.08,0,1,0,11193.29,2,1,9,142.8165
1,7,744.79,1,0,1,10858.57,2,1,9,148.1308
5,6,862.18,1,1,1,21040.24,0,1,9,174.663
2,1,594.97,0,0,0,9972.88,1,1,9,86.4113
2,6,581.92,1,1,1,15835.56,0,1,9,140.3172
3,5,828.86,0,1,1,16048.88,0,0,9,85.9717
1,4,664.27,0,1,0,18795.94,2,1,9,152.077
3,5,980.25,0,1,1,4555.85,2,0,9,88.4491
3,3,733.35,1,1,0,11881.92,0,1,9,142.845
1,4,793.23,0,0,0,16395.55,0,0,9,30.5613
2,-1,594.82,0,1,0,17437.67,1,1,9,111.7397
3,6,882.81,0,1,0,6991.91,1,1,9,111.8263
1,5,993.6,0,1,0,9419.52,0,1,9,98.2536
4,0,856.25,1,0,0,12197.03,2,1,9,141.6046
3,8,947.1,1,1,0,16500.21,1,0,9,105.0982
1,5,755.23,0,1,0,13802.84,1,0,9,88.523
1,4,952.53,0,1,1,10766.56,1,1,9,120.1261
0,3,906.35,0,1,0,6831.4,2,0,9,90.2848
2,2,516.37,0,1,0,10020.06,2,0,9,106.1733
4,3,906.07,1,1,0,15571.91,0,0,9,70.1378
1,2,828.02,0,1,1,16175.62,0,1,9,113.5518
2,2,1000.18,0,1,1,9580.16,2,1,9,166.3064
3,1,940.05,0,1,1,12487.69,2,0,9,117.6507
3,3,802.81,0,0,0,12760.08,2,1,9,108.2082
3,0,1175.71,1,1,1,20081.92,0,1,9,170.1235
3,3,918.63,0,1,1,8499.22,3,0,9,103.2274
1,5,587.69,0,1,0,10478.46,1,0,9,72.206
2,4,949.02,1,1,1,7822.56,2,1,9,181.6822
3,5,912.62,1,1,0,9743.78,2,1,9,189.6249
1,5,567.83,1,1,0,17178.89,1,0,9,83.2173
3,5,852.77,1,0,0,21082.19,1,0,9,85.7068
3,5,808.27,0,1,1,21486.9,3,1,9,174.4702
2,5,630.08,1,1,0,11392.11,0,1,9,121.8457
2,5,1113.18,0,1,1,13829.9,3,0,9,120.2647
3,5,785.79,1,1,1,16958.4,0,1,9,138.2992
1,2,854.04,1,1,1,4280.28,0,0,9,77.4405
1,5,667.43,0,1,0,8319.64,1,1,9,130.3697
0,7,478.33,0,1,1,9531.07,0,1,9,100.4725
2,5,701.43,1,1,1,6428.91,0,0,9,73.3951
2,5,1000.44,0,1,0,14324.72,1,0,9,57.1411
3,4,887.57,0,1,0,11928.3,0,1,9,120.356
2,6,637.27,0,0,0,14047.23,0,1,9,97.1871
3,4,733.62,0,1,1,15190.75,2,1,9,149.8277
3,5,761.19,0,0,1,16678.23,2,0,9,107.5188
2,7,840.13,0,1,1,17698.71,2,1,9,152.2528
2,5,739,1,0,1,11865.75,0,0,9,73.6522
2,6,488.35,0,0,1,6218.2,1,1,9,116.0512
0,3,1024.82,0,1,1,14438.33,1,1,9,122.754
2,6,965.2,0,1,0,16681.69,1,1,9,149.162
0,5,968.65,1,1,1,23952.19,3,1,9,218.9524
3,6,838.25,0,1,1,11296.19,0,1,9,130.2501
1,3,610.17,0,1,0,14330.02,1,1,9,105.9505
3,7,532.29,0,1,1,10140.89,0,0,9,67.8932
1,6,984.05,1,0,1,4813.9,1,0,9,113.0975
3,4,873.78,0,1,1,2782.75,0,0,9,59.9984
2,4,777.78,0,1,0,12712.54,2,1,9,135.9334
2,6,705.26,1,1,0,11188.61,2,1,9,160.8921
3,3,647.53,0,1,1,16537.07,3,0,9,105.455
2,3,952.8,0,1,1,19804.85,2,1,9,171.2463
1,6,622.23,1,1,0,13811.84,0,1,9,136.1726
1,7,970.66,0,1,1,13169.11,3,1,9,160.4329
0,6,918.08,0,1,0,9724.63,0,0,9,45.1659
1,1,808.88,1,0,0,9870.58,2,1,9,162.7486
2,4,755.45,0,0,1,15656.04,2,0,9,106.3313
2,8,626.27,0,1,0,2288.84,3,0,9,106.6521
2,5,563,0,0,0,17428.85,1,1,9,100.3118
0,6,817.24,1,1,0,11944.97,2,1,9,182.6265
1,6,896.96,0,1,1,5592.48,1,1,9,141.6118
3,7,874.27,0,1,0,15605.56,0,1,9,128.4996
2,6,1034.24,1,1,1,3887.74,1,1,9,164.7513
1,5,898.03,1,1,0,5662.6,3,1,9,206.1052
1,6,880.51,1,1,1,16255.5,2,1,9,197.5708
1,4,905.65,0,1,0,28177.97,2,0,9,115.3997
3,5,646.24,1,1,1,9666,3,0,9,169.8855
3,7,673.25,0,0,0,10455.47,2,1,9,123.9736
1,6,702.43,1,0,0,12478.82,2,1,9,174.931
2,5,778.53,0,1,0,14005.63,0,1,9,94.3372
3,2,603.58,0,1,0,14121.66,0,0,10,44.9184
3,1,1077.31,0,1,1,4191.46,1,1,10,129.9417
0,5,868.31,1,0,0,15804.43,0,0,10,54.3383
2,9,746.65,0,1,1,11649.75,2,1,10,164.1685
0,6,925.72,0,1,0,15360.92,0,0,10,69.6282
2,9,674.48,1,1,1,13659.6,2,1,10,181.1746
2,6,905.64,1,1,0,14203.51,0,1,10,128.2481
0,5,999.06,0,1,0,15105.23,1,1,10,146.5818
3,4,854.33,0,1,0,9459.46,3,1,10,157.489
2,5,813.5,0,1,0,16582.15,1,1,10,119.3079
3,4,505.88,0,0,1,12413.03,3,0,10,124.1609
2,4,761.86,0,1,1,3676.7,0,0,10,72.99
2,2,767.74,1,1,0,8738.66,3,0,10,143.2062
2,1,752.08,1,1,0,15238.55,1,0,10,109.3015
2,7,1025.06,1,0,1,8911.83,1,0,10,121.8207
3,6,753.75,1,1,1,5864.16,4,1,10,220.5988
1,5,861.68,1,1,0,17948.74,1,0,10,108.8448
1,3,811.09,0,1,1,18199.03,1,0,10,104.5671
2,6,901.94,1,1,1,16812.3,2,0,10,137.6318
2,9,983.6,1,1,0,13273.15,2,0,10,119.6283
0,7,926.45,1,0,1,13892.73,2,1,10,154.8101
2,3,513.97,1,0,0,12223.97,2,0,10,96.461
2,6,742.55,1,1,1,12557.44,1,0,10,119.9855
3,6,767.65,0,1,0,17641.18,2,0,10,104.8603
3,5,711.94,0,1,0,9235.48,1,1,10,143.3804
3,6,847.1,1,1,0,16476.19,0,1,10,138.6317
3,5,698.63,0,1,1,13168.68,1,1,10,146.2414
4,4,729.31,0,1,1,5197.64,0,0,10,61.1999
1,5,1023.66,0,1,0,6413.32,1,1,10,144.3099
1,3,802.89,1,1,0,10653.67,1,1,10,153.1758
1,8,841.62,1,1,0,11882,2,0,10,120.7567
2,5,879.25,0,0,1,6298.43,0,0,10,54.5583
2,5,367.73,0,0,0,7407.48,0,0,10,17.5704
2,3,457.71,0,1,0,5199.19,2,0,10,91.3592
3,4,1025.59,0,1,1,20779.94,0,0,10,54.5148
2,2,639.22,0,1,0,14913.33,1,1,10,112.0188
3,5,912.02,1,1,0,16868.28,0,0,10,70.6049
3,6,1112.99,0,1,1,7715.24,0,0,10,89.312
0,10,1019.64,0,1,0,3015.99,2,1,10,163.9379
2,0,708.78,0,1,1,12111.61,2,1,10,138.6156
2,4,841.29,1,1,0,3082.64,2,0,10,109.347
2,4,758.89,1,1,0,6459.92,1,0,10,115.2431
1,5,668.13,1,1,0,7740.72,1,1,10,131.6758
4,5,470.52,0,1,0,11363.39,2,1,10,134.2261
2,4,953.72,0,1,0,13845.17,1,1,10,111.1356
3,0,772.57,1,1,1,6158.84,0,1,10,163.2648
2,6,780.34,0,1,1,20508.28,1,0,10,82.3823
3,8,1024.32,0,1,0,14675.44,2,1,10,152.015
1,4,1025.35,1,1,1,6029.59,1,0,10,135.0872
0,5,795.34,1,1,0,11362.38,2,0,10,135.6508
2,5,945.22,1,1,1,6608.57,2,1,10,163.0338
1,4,912.46,1,1,0,13289.82,2,1,10,195.2343
2,7,697.37,0,1,1,9406.17,1,1,10,126.9692
2,8,983.43,0,0,1,11328.84,4,0,10,105.8244
2,2,819.78,1,1,0,10995.76,0,1,10,127.3769
2,5,678.51,0,1,1,7075.23,1,0,10,79.0807
2,3,527.7,0,1,0,21602.37,1,1,10,115.0007
2,9,863.06,1,1,1,11311.07,1,1,10,162.5966
3,5,692.49,1,1,1,19738.59,1,0,10,138.0205
2,5,670.01,1,1,1,18479.74,1,0,10,107.8061
3,7,710,1,1,1,9831.03,0,0,10,109.5716
2,5,954.01,0,0,1,13995.19,0,0,10,54.0519
2,6,631.54,0,1,1,16023.08,2,1,10,164.3144
2,6,783.75,1,1,1,4485.18,0,1,10,153.6092
0,7,602.31,0,0,1,4536.4,1,0,10,83.6889
3,0,1060.11,0,1,1,16908.92,1,1,10,131.2337
2,2,762.18,1,1,0,17570.63,2,1,10,157.2636
3,8,824.74,1,1,1,11700.11,1,0,10,136.4856
3,4,615.35,0,1,0,16977.3,2,1,10,145.1941
2,6,996.64,0,0,0,10610.06,0,1,10,99.0307
2,3,903.62,1,1,1,19121.93,0,1,10,158.6685
2,5,686.9,1,1,0,14744.73,2,1,10,187.5242
2,4,976.34,0,0,0,1753.93,1,1,10,95.5523
2,7,729.12,0,1,0,14533.1,0,1,10,131.043
3,3,829.61,0,1,0,14864.41,1,1,10,113.6184
1,8,909.63,1,1,1,5042.05,1,1,10,170.6885
2,8,748.83,0,0,0,6409.68,2,0,10,65.8911
2,2,1025.77,0,1,1,12146.78,2,0,10,95.3366
4,7,1049.08,1,1,0,16989.08,0,1,10,159.2264
2,7,818.59,1,0,0,16355.47,0,1,10,108.426
1,7,998.02,1,1,0,5951.81,2,1,10,162.8725
0,5,787.6,0,1,0,13236.18,2,1,10,131.814
3,4,671.4,0,1,1,15230.71,0,0,10,62.6924
2,4,925.83,0,1,0,18031.79,2,0,10,94.939
2,4,721.09,0,1,0,18793.35,1,0,10,95.6208
3,5,621.65,0,1,0,18433.56,1,1,10,137.6304
3,5,904.32,0,1,1,11364,1,0,10,107.6206
2,3,734.66,0,1,0,7526.81,1,1,10,103.5951
1,5,652.64,1,1,1,17682.08,1,1,10,156.8466
3,4,944.11,1,1,0,16723.47,1,1,10,179.7159
1,6,678.34,0,0,1,19587.51,0,1,10,123.0964
2,7,666.42,0,1,1,6706.37,0,0,10,66.5119
1,4,602.24,1,1,0,21538.94,1,1,10,144.3231
3,4,872.51,0,1,1,6943.73,0,1,10,99.1689
2,6,816.3,0,1,1,19897.97,1,0,10,105.6904
3,0,991.31,0,1,0,6343.63,1,1,10,131.174
2,5,847.97,0,1,0,19751.46,0,0,10,70.8945
2,4,660.94,1,0,0,5072.59,0,1,10,113.7321
1,1,814.75,0,1,1,7767.52,0,1,10,130.6847
1,6,835.43,0,0,0,11102,0,1,10,107.5602
